age_group,f
0-24,0.35334302562
25-44,0.29818860284
45-64,0.22208370961
65-74,0.06603529658
75-84,0.04484080286
85+,0.01550856249
all,1.00000000000
0-64,0.87361533807
65+,0.12638466193